scan,sex,age,n_scans,cum_dose_mSv,cum_LAR,cum_LAR_pct,cum_LAR_one_in
Head CT,F,20,1,2.1,0.00022935779816513763,0.023,4360
Head CT,F,20,2,4.2,0.00045871559633027525,0.046,2180
Head CT,F,20,3,6.3,0.0006880733944954129,0.069,1453
Head CT,F,20,4,8.4,0.0009174311926605505,0.092,1090
Head CT,F,20,5,10.5,0.0011467889908256881,0.115,872
Head CT,F,20,6,12.6,0.0013761467889908258,0.138,727
Head CT,F,20,7,14.7,0.0016055045871559634,0.161,623
Head CT,F,20,8,16.8,0.001834862385321101,0.183,545
Head CT,F,20,9,18.9,0.0020642201834862386,0.206,484
Head CT,F,20,10,21.0,0.0022935779816513763,0.229,436
Head CT,F,20,11,23.1,0.002522935779816514,0.252,396
Head CT,F,20,12,25.2,0.0027522935779816515,0.275,363
Head CT,F,20,13,27.3,0.002981651376146789,0.298,335
Head CT,F,20,14,29.4,0.003211009174311927,0.321,311
Head CT,F,20,15,31.5,0.0034403669724770644,0.344,291
Head CT,F,20,16,33.6,0.003669724770642202,0.367,272
Head CT,F,20,17,35.7,0.0038990825688073397,0.39,256
Head CT,F,20,18,37.8,0.004128440366972477,0.413,242
Head CT,F,20,19,39.9,0.004357798165137615,0.436,229
Head CT,F,20,20,42.0,0.0045871559633027525,0.459,218
Head CT,F,20,21,44.1,0.00481651376146789,0.482,208
Head CT,F,20,22,46.2,0.005045871559633028,0.505,198
Head CT,F,20,23,48.3,0.005275229357798165,0.528,190
Head CT,F,20,24,50.4,0.005504587155963303,0.55,182
Head CT,F,20,25,52.5,0.005733944954128441,0.573,174
Head CT,F,20,26,54.6,0.005963302752293578,0.596,168
Head CT,F,20,27,56.7,0.006192660550458716,0.619,161
Head CT,F,20,28,58.8,0.006422018348623854,0.642,156
Head CT,F,20,29,60.9,0.006651376146788991,0.665,150
Head CT,F,20,30,63.0,0.006880733944954129,0.688,145
Head CT,F,40,1,2.1,0.0001234567901234568,0.012,8100
Head CT,F,40,2,4.2,0.0002469135802469136,0.025,4050
Head CT,F,40,3,6.3,0.0003703703703703704,0.037,2700
Head CT,F,40,4,8.4,0.0004938271604938272,0.049,2025
Head CT,F,40,5,10.5,0.0006172839506172839,0.062,1620
Head CT,F,40,6,12.6,0.0007407407407407408,0.074,1350
Head CT,F,40,7,14.7,0.0008641975308641976,0.086,1157
Head CT,F,40,8,16.8,0.0009876543209876543,0.099,1012
Head CT,F,40,9,18.9,0.0011111111111111111,0.111,900
Head CT,F,40,10,21.0,0.0012345679012345679,0.123,810
Head CT,F,40,11,23.1,0.0013580246913580246,0.136,736
Head CT,F,40,12,25.2,0.0014814814814814816,0.148,675
Head CT,F,40,13,27.3,0.0016049382716049384,0.16,623
Head CT,F,40,14,29.4,0.0017283950617283952,0.173,579
Head CT,F,40,15,31.5,0.001851851851851852,0.185,540
Head CT,F,40,16,33.6,0.0019753086419753087,0.198,506
Head CT,F,40,17,35.7,0.0020987654320987655,0.21,476
Head CT,F,40,18,37.8,0.0022222222222222222,0.222,450
Head CT,F,40,19,39.9,0.002345679012345679,0.235,426
Head CT,F,40,20,42.0,0.0024691358024691358,0.247,405
Head CT,F,40,21,44.1,0.0025925925925925925,0.259,386
Head CT,F,40,22,46.2,0.0027160493827160493,0.272,368
Head CT,F,40,23,48.3,0.002839506172839506,0.284,352
Head CT,F,40,24,50.4,0.0029629629629629632,0.296,338
Head CT,F,40,25,52.5,0.00308641975308642,0.309,324
Head CT,F,40,26,54.6,0.0032098765432098768,0.321,312
Head CT,F,40,27,56.7,0.0033333333333333335,0.333,300
Head CT,F,40,28,58.8,0.0034567901234567903,0.346,289
Head CT,F,40,29,60.9,0.003580246913580247,0.358,279
Head CT,F,40,30,63.0,0.003703703703703704,0.37,270
Head CT,F,60,1,2.1,8.163265306122449e-05,0.008,12250
Head CT,F,60,2,4.2,0.00016326530612244898,0.016,6125
Head CT,F,60,3,6.3,0.00024489795918367346,0.024,4083
Head CT,F,60,4,8.4,0.00032653061224489796,0.033,3062
Head CT,F,60,5,10.5,0.00040816326530612246,0.041,2450
Head CT,F,60,6,12.6,0.0004897959183673469,0.049,2042
Head CT,F,60,7,14.7,0.0005714285714285715,0.057,1750
Head CT,F,60,8,16.8,0.0006530612244897959,0.065,1531
Head CT,F,60,9,18.9,0.0007346938775510204,0.073,1361
Head CT,F,60,10,21.0,0.0008163265306122449,0.082,1225
Head CT,F,60,11,23.1,0.0008979591836734694,0.09,1114
Head CT,F,60,12,25.2,0.0009795918367346938,0.098,1021
Head CT,F,60,13,27.3,0.0010612244897959184,0.106,942
Head CT,F,60,14,29.4,0.001142857142857143,0.114,875
Head CT,F,60,15,31.5,0.0012244897959183673,0.122,817
Head CT,F,60,16,33.6,0.0013061224489795918,0.131,766
Head CT,F,60,17,35.7,0.0013877551020408164,0.139,721
Head CT,F,60,18,37.8,0.0014693877551020407,0.147,681
Head CT,F,60,19,39.9,0.0015510204081632653,0.155,645
Head CT,F,60,20,42.0,0.0016326530612244899,0.163,612
Head CT,F,60,21,44.1,0.0017142857142857142,0.171,583
Head CT,F,60,22,46.2,0.0017959183673469388,0.18,557
Head CT,F,60,23,48.3,0.0018775510204081633,0.188,533
Head CT,F,60,24,50.4,0.0019591836734693877,0.196,510
Head CT,F,60,25,52.5,0.0020408163265306124,0.204,490
Head CT,F,60,26,54.6,0.0021224489795918368,0.212,471
Head CT,F,60,27,56.7,0.002204081632653061,0.22,454
Head CT,F,60,28,58.8,0.002285714285714286,0.229,438
Head CT,F,60,29,60.9,0.0023673469387755102,0.237,422
Head CT,F,60,30,63.0,0.0024489795918367346,0.245,408
Head CT,M,20,1,2.1,0.00013605442176870748,0.014,7350
Head CT,M,20,2,4.2,0.00027210884353741496,0.027,3675
Head CT,M,20,3,6.3,0.00040816326530612246,0.041,2450
Head CT,M,20,4,8.4,0.0005442176870748299,0.054,1838
Head CT,M,20,5,10.5,0.0006802721088435374,0.068,1470
Head CT,M,20,6,12.6,0.0008163265306122449,0.082,1225
Head CT,M,20,7,14.7,0.0009523809523809524,0.095,1050
Head CT,M,20,8,16.8,0.0010884353741496598,0.109,919
Head CT,M,20,9,18.9,0.0012244897959183673,0.122,817
Head CT,M,20,10,21.0,0.0013605442176870747,0.136,735
Head CT,M,20,11,23.1,0.0014965986394557822,0.15,668
Head CT,M,20,12,25.2,0.0016326530612244899,0.163,612
Head CT,M,20,13,27.3,0.0017687074829931973,0.177,565
Head CT,M,20,14,29.4,0.0019047619047619048,0.19,525
Head CT,M,20,15,31.5,0.002040816326530612,0.204,490
Head CT,M,20,16,33.6,0.0021768707482993197,0.218,459
Head CT,M,20,17,35.7,0.0023129251700680273,0.231,432
Head CT,M,20,18,37.8,0.0024489795918367346,0.245,408
Head CT,M,20,19,39.9,0.0025850340136054422,0.259,387
Head CT,M,20,20,42.0,0.0027210884353741495,0.272,368
Head CT,M,20,21,44.1,0.002857142857142857,0.286,350
Head CT,M,20,22,46.2,0.0029931972789115644,0.299,334
Head CT,M,20,23,48.3,0.003129251700680272,0.313,320
Head CT,M,20,24,50.4,0.0032653061224489797,0.327,306
Head CT,M,20,25,52.5,0.003401360544217687,0.34,294
Head CT,M,20,26,54.6,0.0035374149659863946,0.354,283
Head CT,M,20,27,56.7,0.003673469387755102,0.367,272
Head CT,M,20,28,58.8,0.0038095238095238095,0.381,262
Head CT,M,20,29,60.9,0.003945578231292517,0.395,253
Head CT,M,20,30,63.0,0.004081632653061224,0.408,245
Head CT,M,40,1,2.1,9.025270758122743e-05,0.009,11080
Head CT,M,40,2,4.2,0.00018050541516245486,0.018,5540
Head CT,M,40,3,6.3,0.0002707581227436823,0.027,3693
Head CT,M,40,4,8.4,0.00036101083032490973,0.036,2770
Head CT,M,40,5,10.5,0.00045126353790613715,0.045,2216
Head CT,M,40,6,12.6,0.0005415162454873646,0.054,1847
Head CT,M,40,7,14.7,0.000631768953068592,0.063,1583
Head CT,M,40,8,16.8,0.0007220216606498195,0.072,1385
Head CT,M,40,9,18.9,0.0008122743682310469,0.081,1231
Head CT,M,40,10,21.0,0.0009025270758122743,0.09,1108
Head CT,M,40,11,23.1,0.0009927797833935018,0.099,1007
Head CT,M,40,12,25.2,0.0010830324909747292,0.108,923
Head CT,M,40,13,27.3,0.0011732851985559567,0.117,852
Head CT,M,40,14,29.4,0.001263537906137184,0.126,791
Head CT,M,40,15,31.5,0.0013537906137184115,0.135,739
Head CT,M,40,16,33.6,0.001444043321299639,0.144,692
Head CT,M,40,17,35.7,0.0015342960288808663,0.153,652
Head CT,M,40,18,37.8,0.0016245487364620937,0.162,616
Head CT,M,40,19,39.9,0.0017148014440433212,0.171,583
Head CT,M,40,20,42.0,0.0018050541516245486,0.181,554
Head CT,M,40,21,44.1,0.001895306859205776,0.19,528
Head CT,M,40,22,46.2,0.0019855595667870036,0.199,504
Head CT,M,40,23,48.3,0.002075812274368231,0.208,482
Head CT,M,40,24,50.4,0.0021660649819494585,0.217,462
Head CT,M,40,25,52.5,0.002256317689530686,0.226,443
Head CT,M,40,26,54.6,0.0023465703971119133,0.235,426
Head CT,M,40,27,56.7,0.0024368231046931407,0.244,410
Head CT,M,40,28,58.8,0.002527075812274368,0.253,396
Head CT,M,40,29,60.9,0.0026173285198555956,0.262,382
Head CT,M,40,30,63.0,0.002707581227436823,0.271,369
Head CT,M,60,1,2.1,6.811989100817439e-05,0.007,14680
Head CT,M,60,2,4.2,0.00013623978201634878,0.014,7340
Head CT,M,60,3,6.3,0.00020435967302452317,0.02,4893
Head CT,M,60,4,8.4,0.00027247956403269756,0.027,3670
Head CT,M,60,5,10.5,0.000340599455040872,0.034,2936
Head CT,M,60,6,12.6,0.00040871934604904634,0.041,2447
Head CT,M,60,7,14.7,0.0004768392370572207,0.048,2097
Head CT,M,60,8,16.8,0.0005449591280653951,0.054,1835
Head CT,M,60,9,18.9,0.0006130790190735695,0.061,1631
Head CT,M,60,10,21.0,0.000681198910081744,0.068,1468
Head CT,M,60,11,23.1,0.0007493188010899183,0.075,1335
Head CT,M,60,12,25.2,0.0008174386920980927,0.082,1223
Head CT,M,60,13,27.3,0.0008855585831062671,0.089,1129
Head CT,M,60,14,29.4,0.0009536784741144414,0.095,1049
Head CT,M,60,15,31.5,0.001021798365122616,0.102,979
Head CT,M,60,16,33.6,0.0010899182561307902,0.109,918
Head CT,M,60,17,35.7,0.0011580381471389645,0.116,864
Head CT,M,60,18,37.8,0.001226158038147139,0.123,816
Head CT,M,60,19,39.9,0.0012942779291553134,0.129,773
Head CT,M,60,20,42.0,0.001362397820163488,0.136,734
Head CT,M,60,21,44.1,0.0014305177111716622,0.143,699
Head CT,M,60,22,46.2,0.0014986376021798365,0.15,667
Head CT,M,60,23,48.3,0.001566757493188011,0.157,638
Head CT,M,60,24,50.4,0.0016348773841961854,0.163,612
Head CT,M,60,25,52.5,0.0017029972752043597,0.17,587
Head CT,M,60,26,54.6,0.0017711171662125342,0.177,565
Head CT,M,60,27,56.7,0.0018392370572207085,0.184,544
Head CT,M,60,28,58.8,0.0019073569482288828,0.191,524
Head CT,M,60,29,60.9,0.0019754768392370573,0.198,506
Head CT,M,60,30,63.0,0.002043596730245232,0.204,489
Chest CT (routine),F,20,1,8.2,0.002564102564102564,0.256,390
Chest CT (routine),F,20,2,16.4,0.005128205128205128,0.513,195
Chest CT (routine),F,20,3,24.6,0.007692307692307693,0.769,130
Chest CT (routine),F,20,4,32.8,0.010256410256410256,1.026,98
Chest CT (routine),F,20,5,41.0,0.01282051282051282,1.282,78
Chest CT (routine),F,20,6,49.2,0.015384615384615385,1.538,65
Chest CT (routine),F,20,7,57.4,0.017948717948717947,1.795,56
Chest CT (routine),F,20,8,65.6,0.020512820512820513,2.051,49
Chest CT (routine),F,20,9,73.8,0.023076923076923078,2.308,43
Chest CT (routine),F,20,10,82.0,0.02564102564102564,2.564,39
Chest CT (routine),F,20,11,90.2,0.028205128205128206,2.821,35
Chest CT (routine),F,20,12,98.4,0.03076923076923077,3.077,32
Chest CT (routine),F,20,13,106.6,0.03333333333333333,3.333,30
Chest CT (routine),F,20,14,114.8,0.035897435897435895,3.59,28
Chest CT (routine),F,20,15,123.0,0.038461538461538464,3.846,26
Chest CT (routine),F,20,16,131.2,0.041025641025641026,4.103,24
Chest CT (routine),F,20,17,139.4,0.04358974358974359,4.359,23
Chest CT (routine),F,20,18,147.6,0.046153846153846156,4.615,22
Chest CT (routine),F,20,19,155.8,0.04871794871794872,4.872,21
Chest CT (routine),F,20,20,164.0,0.05128205128205128,5.128,20
Chest CT (routine),F,20,21,172.2,0.05384615384615385,5.385,19
Chest CT (routine),F,20,22,180.4,0.05641025641025641,5.641,18
Chest CT (routine),F,20,23,188.6,0.05897435897435897,5.897,17
Chest CT (routine),F,20,24,196.8,0.06153846153846154,6.154,16
Chest CT (routine),F,20,25,205.0,0.0641025641025641,6.41,16
Chest CT (routine),F,20,26,213.2,0.06666666666666667,6.667,15
Chest CT (routine),F,20,27,221.4,0.06923076923076923,6.923,14
Chest CT (routine),F,20,28,229.6,0.07179487179487179,7.179,14
Chest CT (routine),F,20,29,237.8,0.07435897435897436,7.436,13
Chest CT (routine),F,20,30,246.0,0.07692307692307693,7.692,13
Chest CT (routine),F,40,1,8.2,0.001388888888888889,0.139,720
Chest CT (routine),F,40,2,16.4,0.002777777777777778,0.278,360
Chest CT (routine),F,40,3,24.6,0.004166666666666667,0.417,240
Chest CT (routine),F,40,4,32.8,0.005555555555555556,0.556,180
Chest CT (routine),F,40,5,41.0,0.006944444444444445,0.694,144
Chest CT (routine),F,40,6,49.2,0.008333333333333333,0.833,120
Chest CT (routine),F,40,7,57.4,0.009722222222222222,0.972,103
Chest CT (routine),F,40,8,65.6,0.011111111111111112,1.111,90
Chest CT (routine),F,40,9,73.8,0.0125,1.25,80
Chest CT (routine),F,40,10,82.0,0.01388888888888889,1.389,72
Chest CT (routine),F,40,11,90.2,0.015277777777777779,1.528,65
Chest CT (routine),F,40,12,98.4,0.016666666666666666,1.667,60
Chest CT (routine),F,40,13,106.6,0.018055555555555557,1.806,55
Chest CT (routine),F,40,14,114.8,0.019444444444444445,1.944,51
Chest CT (routine),F,40,15,123.0,0.020833333333333336,2.083,48
Chest CT (routine),F,40,16,131.2,0.022222222222222223,2.222,45
Chest CT (routine),F,40,17,139.4,0.02361111111111111,2.361,42
Chest CT (routine),F,40,18,147.6,0.025,2.5,40
Chest CT (routine),F,40,19,155.8,0.02638888888888889,2.639,38
Chest CT (routine),F,40,20,164.0,0.02777777777777778,2.778,36
Chest CT (routine),F,40,21,172.2,0.029166666666666667,2.917,34
Chest CT (routine),F,40,22,180.4,0.030555555555555558,3.056,33
Chest CT (routine),F,40,23,188.6,0.03194444444444445,3.194,31
Chest CT (routine),F,40,24,196.8,0.03333333333333333,3.333,30
Chest CT (routine),F,40,25,205.0,0.034722222222222224,3.472,29
Chest CT (routine),F,40,26,213.2,0.036111111111111115,3.611,28
Chest CT (routine),F,40,27,221.4,0.0375,3.75,27
Chest CT (routine),F,40,28,229.6,0.03888888888888889,3.889,26
Chest CT (routine),F,40,29,237.8,0.04027777777777778,4.028,25
Chest CT (routine),F,40,30,246.0,0.04166666666666667,4.167,24
Chest CT (routine),F,60,1,8.2,0.0009174311926605505,0.092,1090
Chest CT (routine),F,60,2,16.4,0.001834862385321101,0.183,545
Chest CT (routine),F,60,3,24.6,0.0027522935779816515,0.275,363
Chest CT (routine),F,60,4,32.8,0.003669724770642202,0.367,272
Chest CT (routine),F,60,5,41.0,0.0045871559633027525,0.459,218
Chest CT (routine),F,60,6,49.2,0.005504587155963303,0.55,182
Chest CT (routine),F,60,7,57.4,0.006422018348623854,0.642,156
Chest CT (routine),F,60,8,65.6,0.007339449541284404,0.734,136
Chest CT (routine),F,60,9,73.8,0.008256880733944955,0.826,121
Chest CT (routine),F,60,10,82.0,0.009174311926605505,0.917,109
Chest CT (routine),F,60,11,90.2,0.010091743119266056,1.009,99
Chest CT (routine),F,60,12,98.4,0.011009174311926606,1.101,91
Chest CT (routine),F,60,13,106.6,0.011926605504587157,1.193,84
Chest CT (routine),F,60,14,114.8,0.012844036697247707,1.284,78
Chest CT (routine),F,60,15,123.0,0.013761467889908258,1.376,73
Chest CT (routine),F,60,16,131.2,0.014678899082568808,1.468,68
Chest CT (routine),F,60,17,139.4,0.015596330275229359,1.56,64
Chest CT (routine),F,60,18,147.6,0.01651376146788991,1.651,61
Chest CT (routine),F,60,19,155.8,0.01743119266055046,1.743,57
Chest CT (routine),F,60,20,164.0,0.01834862385321101,1.835,54
Chest CT (routine),F,60,21,172.2,0.01926605504587156,1.927,52
Chest CT (routine),F,60,22,180.4,0.02018348623853211,2.018,50
Chest CT (routine),F,60,23,188.6,0.02110091743119266,2.11,47
Chest CT (routine),F,60,24,196.8,0.022018348623853212,2.202,45
Chest CT (routine),F,60,25,205.0,0.022935779816513763,2.294,44
Chest CT (routine),F,60,26,213.2,0.023853211009174313,2.385,42
Chest CT (routine),F,60,27,221.4,0.024770642201834864,2.477,40
Chest CT (routine),F,60,28,229.6,0.025688073394495414,2.569,39
Chest CT (routine),F,60,29,237.8,0.026605504587155965,2.661,38
Chest CT (routine),F,60,30,246.0,0.027522935779816515,2.752,36
Chest CT (routine),M,20,1,8.2,0.0009615384615384616,0.096,1040
Chest CT (routine),M,20,2,16.4,0.0019230769230769232,0.192,520
Chest CT (routine),M,20,3,24.6,0.0028846153846153848,0.288,347
Chest CT (routine),M,20,4,32.8,0.0038461538461538464,0.385,260
Chest CT (routine),M,20,5,41.0,0.004807692307692308,0.481,208
Chest CT (routine),M,20,6,49.2,0.0057692307692307696,0.577,173
Chest CT (routine),M,20,7,57.4,0.006730769230769231,0.673,149
Chest CT (routine),M,20,8,65.6,0.007692307692307693,0.769,130
Chest CT (routine),M,20,9,73.8,0.008653846153846154,0.865,116
Chest CT (routine),M,20,10,82.0,0.009615384615384616,0.962,104
Chest CT (routine),M,20,11,90.2,0.010576923076923078,1.058,95
Chest CT (routine),M,20,12,98.4,0.011538461538461539,1.154,87
Chest CT (routine),M,20,13,106.6,0.0125,1.25,80
Chest CT (routine),M,20,14,114.8,0.013461538461538462,1.346,74
Chest CT (routine),M,20,15,123.0,0.014423076923076924,1.442,69
Chest CT (routine),M,20,16,131.2,0.015384615384615385,1.538,65
Chest CT (routine),M,20,17,139.4,0.016346153846153847,1.635,61
Chest CT (routine),M,20,18,147.6,0.01730769230769231,1.731,58
Chest CT (routine),M,20,19,155.8,0.01826923076923077,1.827,55
Chest CT (routine),M,20,20,164.0,0.019230769230769232,1.923,52
Chest CT (routine),M,20,21,172.2,0.020192307692307693,2.019,50
Chest CT (routine),M,20,22,180.4,0.021153846153846155,2.115,47
Chest CT (routine),M,20,23,188.6,0.022115384615384617,2.212,45
Chest CT (routine),M,20,24,196.8,0.023076923076923078,2.308,43
Chest CT (routine),M,20,25,205.0,0.02403846153846154,2.404,42
Chest CT (routine),M,20,26,213.2,0.025,2.5,40
Chest CT (routine),M,20,27,221.4,0.025961538461538463,2.596,39
Chest CT (routine),M,20,28,229.6,0.026923076923076925,2.692,37
Chest CT (routine),M,20,29,237.8,0.027884615384615386,2.788,36
Chest CT (routine),M,20,30,246.0,0.028846153846153848,2.885,35
Chest CT (routine),M,40,1,8.2,0.0006385696040868455,0.064,1566
Chest CT (routine),M,40,2,16.4,0.001277139208173691,0.128,783
Chest CT (routine),M,40,3,24.6,0.0019157088122605365,0.192,522
Chest CT (routine),M,40,4,32.8,0.002554278416347382,0.255,392
Chest CT (routine),M,40,5,41.0,0.0031928480204342275,0.319,313
Chest CT (routine),M,40,6,49.2,0.003831417624521073,0.383,261
Chest CT (routine),M,40,7,57.4,0.004469987228607919,0.447,224
Chest CT (routine),M,40,8,65.6,0.005108556832694764,0.511,196
Chest CT (routine),M,40,9,73.8,0.005747126436781609,0.575,174
Chest CT (routine),M,40,10,82.0,0.006385696040868455,0.639,157
Chest CT (routine),M,40,11,90.2,0.007024265644955301,0.702,142
Chest CT (routine),M,40,12,98.4,0.007662835249042146,0.766,130
Chest CT (routine),M,40,13,106.6,0.008301404853128991,0.83,120
Chest CT (routine),M,40,14,114.8,0.008939974457215838,0.894,112
Chest CT (routine),M,40,15,123.0,0.009578544061302683,0.958,104
Chest CT (routine),M,40,16,131.2,0.010217113665389528,1.022,98
Chest CT (routine),M,40,17,139.4,0.010855683269476373,1.086,92
Chest CT (routine),M,40,18,147.6,0.011494252873563218,1.149,87
Chest CT (routine),M,40,19,155.8,0.012132822477650065,1.213,82
Chest CT (routine),M,40,20,164.0,0.01277139208173691,1.277,78
Chest CT (routine),M,40,21,172.2,0.013409961685823755,1.341,75
Chest CT (routine),M,40,22,180.4,0.014048531289910602,1.405,71
Chest CT (routine),M,40,23,188.6,0.014687100893997447,1.469,68
Chest CT (routine),M,40,24,196.8,0.015325670498084292,1.533,65
Chest CT (routine),M,40,25,205.0,0.015964240102171137,1.596,63
Chest CT (routine),M,40,26,213.2,0.016602809706257982,1.66,60
Chest CT (routine),M,40,27,221.4,0.017241379310344827,1.724,58
Chest CT (routine),M,40,28,229.6,0.017879948914431676,1.788,56
Chest CT (routine),M,40,29,237.8,0.01851851851851852,1.852,54
Chest CT (routine),M,40,30,246.0,0.019157088122605366,1.916,52
Chest CT (routine),M,60,1,8.2,0.0004807692307692308,0.048,2080
Chest CT (routine),M,60,2,16.4,0.0009615384615384616,0.096,1040
Chest CT (routine),M,60,3,24.6,0.0014423076923076924,0.144,693
Chest CT (routine),M,60,4,32.8,0.0019230769230769232,0.192,520
Chest CT (routine),M,60,5,41.0,0.002403846153846154,0.24,416
Chest CT (routine),M,60,6,49.2,0.0028846153846153848,0.288,347
Chest CT (routine),M,60,7,57.4,0.0033653846153846156,0.337,297
Chest CT (routine),M,60,8,65.6,0.0038461538461538464,0.385,260
Chest CT (routine),M,60,9,73.8,0.004326923076923077,0.433,231
Chest CT (routine),M,60,10,82.0,0.004807692307692308,0.481,208
Chest CT (routine),M,60,11,90.2,0.005288461538461539,0.529,189
Chest CT (routine),M,60,12,98.4,0.0057692307692307696,0.577,173
Chest CT (routine),M,60,13,106.6,0.00625,0.625,160
Chest CT (routine),M,60,14,114.8,0.006730769230769231,0.673,149
Chest CT (routine),M,60,15,123.0,0.007211538461538462,0.721,139
Chest CT (routine),M,60,16,131.2,0.007692307692307693,0.769,130
Chest CT (routine),M,60,17,139.4,0.008173076923076924,0.817,122
Chest CT (routine),M,60,18,147.6,0.008653846153846154,0.865,116
Chest CT (routine),M,60,19,155.8,0.009134615384615385,0.913,109
Chest CT (routine),M,60,20,164.0,0.009615384615384616,0.962,104
Chest CT (routine),M,60,21,172.2,0.010096153846153847,1.01,99
Chest CT (routine),M,60,22,180.4,0.010576923076923078,1.058,95
Chest CT (routine),M,60,23,188.6,0.011057692307692308,1.106,90
Chest CT (routine),M,60,24,196.8,0.011538461538461539,1.154,87
Chest CT (routine),M,60,25,205.0,0.01201923076923077,1.202,83
Chest CT (routine),M,60,26,213.2,0.0125,1.25,80
Chest CT (routine),M,60,27,221.4,0.012980769230769231,1.298,77
Chest CT (routine),M,60,28,229.6,0.013461538461538462,1.346,74
Chest CT (routine),M,60,29,237.8,0.013942307692307693,1.394,72
Chest CT (routine),M,60,30,246.0,0.014423076923076924,1.442,69
CTPA (suspected PE),F,20,1,9.6,0.0030303030303030303,0.303,330
CTPA (suspected PE),F,20,2,19.2,0.006060606060606061,0.606,165
CTPA (suspected PE),F,20,3,28.8,0.00909090909090909,0.909,110
CTPA (suspected PE),F,20,4,38.4,0.012121212121212121,1.212,82
CTPA (suspected PE),F,20,5,48.0,0.015151515151515152,1.515,66
CTPA (suspected PE),F,20,6,57.6,0.01818181818181818,1.818,55
CTPA (suspected PE),F,20,7,67.2,0.021212121212121213,2.121,47
CTPA (suspected PE),F,20,8,76.8,0.024242424242424242,2.424,41
CTPA (suspected PE),F,20,9,86.4,0.02727272727272727,2.727,37
CTPA (suspected PE),F,20,10,96.0,0.030303030303030304,3.03,33
CTPA (suspected PE),F,20,11,105.6,0.03333333333333333,3.333,30
CTPA (suspected PE),F,20,12,115.2,0.03636363636363636,3.636,28
CTPA (suspected PE),F,20,13,124.8,0.03939393939393939,3.939,25
CTPA (suspected PE),F,20,14,134.4,0.04242424242424243,4.242,24
CTPA (suspected PE),F,20,15,144.0,0.045454545454545456,4.545,22
CTPA (suspected PE),F,20,16,153.6,0.048484848484848485,4.848,21
CTPA (suspected PE),F,20,17,163.2,0.051515151515151514,5.152,19
CTPA (suspected PE),F,20,18,172.8,0.05454545454545454,5.455,18
CTPA (suspected PE),F,20,19,182.4,0.05757575757575758,5.758,17
CTPA (suspected PE),F,20,20,192.0,0.06060606060606061,6.061,16
CTPA (suspected PE),F,20,21,201.6,0.06363636363636363,6.364,16
CTPA (suspected PE),F,20,22,211.2,0.06666666666666667,6.667,15
CTPA (suspected PE),F,20,23,220.8,0.0696969696969697,6.97,14
CTPA (suspected PE),F,20,24,230.4,0.07272727272727272,7.273,14
CTPA (suspected PE),F,20,25,240.0,0.07575757575757576,7.576,13
CTPA (suspected PE),F,20,26,249.6,0.07878787878787878,7.879,13
CTPA (suspected PE),F,20,27,259.2,0.08181818181818182,8.182,12
CTPA (suspected PE),F,20,28,268.8,0.08484848484848485,8.485,12
CTPA (suspected PE),F,20,29,278.4,0.08787878787878788,8.788,11
CTPA (suspected PE),F,20,30,288.0,0.09090909090909091,9.091,11
CTPA (suspected PE),F,40,1,9.6,0.0016129032258064516,0.161,620
CTPA (suspected PE),F,40,2,19.2,0.0032258064516129032,0.323,310
CTPA (suspected PE),F,40,3,28.8,0.004838709677419355,0.484,207
CTPA (suspected PE),F,40,4,38.4,0.0064516129032258064,0.645,155
CTPA (suspected PE),F,40,5,48.0,0.008064516129032258,0.806,124
CTPA (suspected PE),F,40,6,57.6,0.00967741935483871,0.968,103
CTPA (suspected PE),F,40,7,67.2,0.01129032258064516,1.129,89
CTPA (suspected PE),F,40,8,76.8,0.012903225806451613,1.29,78
CTPA (suspected PE),F,40,9,86.4,0.014516129032258065,1.452,69
CTPA (suspected PE),F,40,10,96.0,0.016129032258064516,1.613,62
CTPA (suspected PE),F,40,11,105.6,0.017741935483870968,1.774,56
CTPA (suspected PE),F,40,12,115.2,0.01935483870967742,1.935,52
CTPA (suspected PE),F,40,13,124.8,0.020967741935483872,2.097,48
CTPA (suspected PE),F,40,14,134.4,0.02258064516129032,2.258,44
CTPA (suspected PE),F,40,15,144.0,0.024193548387096774,2.419,41
CTPA (suspected PE),F,40,16,153.6,0.025806451612903226,2.581,39
CTPA (suspected PE),F,40,17,163.2,0.027419354838709678,2.742,36
CTPA (suspected PE),F,40,18,172.8,0.02903225806451613,2.903,34
CTPA (suspected PE),F,40,19,182.4,0.03064516129032258,3.065,33
CTPA (suspected PE),F,40,20,192.0,0.03225806451612903,3.226,31
CTPA (suspected PE),F,40,21,201.6,0.03387096774193549,3.387,30
CTPA (suspected PE),F,40,22,211.2,0.035483870967741936,3.548,28
CTPA (suspected PE),F,40,23,220.8,0.037096774193548385,3.71,27
CTPA (suspected PE),F,40,24,230.4,0.03870967741935484,3.871,26
CTPA (suspected PE),F,40,25,240.0,0.04032258064516129,4.032,25
CTPA (suspected PE),F,40,26,249.6,0.041935483870967745,4.194,24
CTPA (suspected PE),F,40,27,259.2,0.043548387096774194,4.355,23
CTPA (suspected PE),F,40,28,268.8,0.04516129032258064,4.516,22
CTPA (suspected PE),F,40,29,278.4,0.0467741935483871,4.677,21
CTPA (suspected PE),F,40,30,288.0,0.04838709677419355,4.839,21
CTPA (suspected PE),F,60,1,9.6,0.001075268817204301,0.108,930
CTPA (suspected PE),F,60,2,19.2,0.002150537634408602,0.215,465
CTPA (suspected PE),F,60,3,28.8,0.0032258064516129032,0.323,310
CTPA (suspected PE),F,60,4,38.4,0.004301075268817204,0.43,232
CTPA (suspected PE),F,60,5,48.0,0.005376344086021506,0.538,186
CTPA (suspected PE),F,60,6,57.6,0.0064516129032258064,0.645,155
CTPA (suspected PE),F,60,7,67.2,0.007526881720430107,0.753,133
CTPA (suspected PE),F,60,8,76.8,0.008602150537634409,0.86,116
CTPA (suspected PE),F,60,9,86.4,0.00967741935483871,0.968,103
CTPA (suspected PE),F,60,10,96.0,0.010752688172043012,1.075,93
CTPA (suspected PE),F,60,11,105.6,0.011827956989247311,1.183,85
CTPA (suspected PE),F,60,12,115.2,0.012903225806451613,1.29,78
CTPA (suspected PE),F,60,13,124.8,0.013978494623655914,1.398,72
CTPA (suspected PE),F,60,14,134.4,0.015053763440860214,1.505,66
CTPA (suspected PE),F,60,15,144.0,0.016129032258064516,1.613,62
CTPA (suspected PE),F,60,16,153.6,0.017204301075268817,1.72,58
CTPA (suspected PE),F,60,17,163.2,0.01827956989247312,1.828,55
CTPA (suspected PE),F,60,18,172.8,0.01935483870967742,1.935,52
CTPA (suspected PE),F,60,19,182.4,0.02043010752688172,2.043,49
CTPA (suspected PE),F,60,20,192.0,0.021505376344086023,2.151,46
CTPA (suspected PE),F,60,21,201.6,0.02258064516129032,2.258,44
CTPA (suspected PE),F,60,22,211.2,0.023655913978494623,2.366,42
CTPA (suspected PE),F,60,23,220.8,0.024731182795698924,2.473,40
CTPA (suspected PE),F,60,24,230.4,0.025806451612903226,2.581,39
CTPA (suspected PE),F,60,25,240.0,0.026881720430107527,2.688,37
CTPA (suspected PE),F,60,26,249.6,0.02795698924731183,2.796,36
CTPA (suspected PE),F,60,27,259.2,0.02903225806451613,2.903,34
CTPA (suspected PE),F,60,28,268.8,0.03010752688172043,3.011,33
CTPA (suspected PE),F,60,29,278.4,0.03118279569892473,3.118,32
CTPA (suspected PE),F,60,30,288.0,0.03225806451612903,3.226,31
CTPA (suspected PE),M,20,1,9.6,0.0011363636363636363,0.114,880
CTPA (suspected PE),M,20,2,19.2,0.0022727272727272726,0.227,440
CTPA (suspected PE),M,20,3,28.8,0.003409090909090909,0.341,293
CTPA (suspected PE),M,20,4,38.4,0.004545454545454545,0.455,220
CTPA (suspected PE),M,20,5,48.0,0.005681818181818182,0.568,176
CTPA (suspected PE),M,20,6,57.6,0.006818181818181818,0.682,147
CTPA (suspected PE),M,20,7,67.2,0.007954545454545454,0.795,126
CTPA (suspected PE),M,20,8,76.8,0.00909090909090909,0.909,110
CTPA (suspected PE),M,20,9,86.4,0.010227272727272727,1.023,98
CTPA (suspected PE),M,20,10,96.0,0.011363636363636364,1.136,88
CTPA (suspected PE),M,20,11,105.6,0.012499999999999999,1.25,80
CTPA (suspected PE),M,20,12,115.2,0.013636363636363636,1.364,73
CTPA (suspected PE),M,20,13,124.8,0.014772727272727272,1.477,68
CTPA (suspected PE),M,20,14,134.4,0.015909090909090907,1.591,63
CTPA (suspected PE),M,20,15,144.0,0.017045454545454544,1.705,59
CTPA (suspected PE),M,20,16,153.6,0.01818181818181818,1.818,55
CTPA (suspected PE),M,20,17,163.2,0.019318181818181818,1.932,52
CTPA (suspected PE),M,20,18,172.8,0.020454545454545454,2.045,49
CTPA (suspected PE),M,20,19,182.4,0.02159090909090909,2.159,46
CTPA (suspected PE),M,20,20,192.0,0.022727272727272728,2.273,44
CTPA (suspected PE),M,20,21,201.6,0.02386363636363636,2.386,42
CTPA (suspected PE),M,20,22,211.2,0.024999999999999998,2.5,40
CTPA (suspected PE),M,20,23,220.8,0.026136363636363635,2.614,38
CTPA (suspected PE),M,20,24,230.4,0.02727272727272727,2.727,37
CTPA (suspected PE),M,20,25,240.0,0.028409090909090908,2.841,35
CTPA (suspected PE),M,20,26,249.6,0.029545454545454545,2.955,34
CTPA (suspected PE),M,20,27,259.2,0.03068181818181818,3.068,33
CTPA (suspected PE),M,20,28,268.8,0.031818181818181815,3.182,31
CTPA (suspected PE),M,20,29,278.4,0.03295454545454545,3.295,30
CTPA (suspected PE),M,20,30,288.0,0.03409090909090909,3.409,29
CTPA (suspected PE),M,40,1,9.6,0.0007501875468867217,0.075,1333
CTPA (suspected PE),M,40,2,19.2,0.0015003750937734434,0.15,666
CTPA (suspected PE),M,40,3,28.8,0.002250562640660165,0.225,444
CTPA (suspected PE),M,40,4,38.4,0.003000750187546887,0.3,333
CTPA (suspected PE),M,40,5,48.0,0.0037509377344336087,0.375,267
CTPA (suspected PE),M,40,6,57.6,0.00450112528132033,0.45,222
CTPA (suspected PE),M,40,7,67.2,0.005251312828207052,0.525,190
CTPA (suspected PE),M,40,8,76.8,0.006001500375093774,0.6,167
CTPA (suspected PE),M,40,9,86.4,0.0067516879219804956,0.675,148
CTPA (suspected PE),M,40,10,96.0,0.0075018754688672175,0.75,133
CTPA (suspected PE),M,40,11,105.6,0.008252063015753939,0.825,121
CTPA (suspected PE),M,40,12,115.2,0.00900225056264066,0.9,111
CTPA (suspected PE),M,40,13,124.8,0.009752438109527382,0.975,103
CTPA (suspected PE),M,40,14,134.4,0.010502625656414103,1.05,95
CTPA (suspected PE),M,40,15,144.0,0.011252813203300826,1.125,89
CTPA (suspected PE),M,40,16,153.6,0.012003000750187547,1.2,83
CTPA (suspected PE),M,40,17,163.2,0.012753188297074268,1.275,78
CTPA (suspected PE),M,40,18,172.8,0.013503375843960991,1.35,74
CTPA (suspected PE),M,40,19,182.4,0.014253563390847712,1.425,70
CTPA (suspected PE),M,40,20,192.0,0.015003750937734435,1.5,67
CTPA (suspected PE),M,40,21,201.6,0.015753938484621154,1.575,63
CTPA (suspected PE),M,40,22,211.2,0.016504126031507877,1.65,61
CTPA (suspected PE),M,40,23,220.8,0.0172543135783946,1.725,58
CTPA (suspected PE),M,40,24,230.4,0.01800450112528132,1.8,56
CTPA (suspected PE),M,40,25,240.0,0.018754688672168042,1.875,53
CTPA (suspected PE),M,40,26,249.6,0.019504876219054765,1.95,51
CTPA (suspected PE),M,40,27,259.2,0.020255063765941488,2.026,49
CTPA (suspected PE),M,40,28,268.8,0.021005251312828207,2.101,48
CTPA (suspected PE),M,40,29,278.4,0.02175543885971493,2.176,46
CTPA (suspected PE),M,40,30,288.0,0.022505626406601652,2.251,44
CTPA (suspected PE),M,60,1,9.6,0.0005649717514124294,0.056,1770
CTPA (suspected PE),M,60,2,19.2,0.0011299435028248588,0.113,885
CTPA (suspected PE),M,60,3,28.8,0.0016949152542372883,0.169,590
CTPA (suspected PE),M,60,4,38.4,0.0022598870056497176,0.226,442
CTPA (suspected PE),M,60,5,48.0,0.002824858757062147,0.282,354
CTPA (suspected PE),M,60,6,57.6,0.0033898305084745766,0.339,295
CTPA (suspected PE),M,60,7,67.2,0.0039548022598870055,0.395,253
CTPA (suspected PE),M,60,8,76.8,0.004519774011299435,0.452,221
CTPA (suspected PE),M,60,9,86.4,0.005084745762711865,0.508,197
CTPA (suspected PE),M,60,10,96.0,0.005649717514124294,0.565,177
CTPA (suspected PE),M,60,11,105.6,0.0062146892655367235,0.621,161
CTPA (suspected PE),M,60,12,115.2,0.006779661016949153,0.678,148
CTPA (suspected PE),M,60,13,124.8,0.007344632768361582,0.734,136
CTPA (suspected PE),M,60,14,134.4,0.007909604519774011,0.791,126
CTPA (suspected PE),M,60,15,144.0,0.00847457627118644,0.847,118
CTPA (suspected PE),M,60,16,153.6,0.00903954802259887,0.904,111
CTPA (suspected PE),M,60,17,163.2,0.0096045197740113,0.96,104
CTPA (suspected PE),M,60,18,172.8,0.01016949152542373,1.017,98
CTPA (suspected PE),M,60,19,182.4,0.010734463276836158,1.073,93
CTPA (suspected PE),M,60,20,192.0,0.011299435028248588,1.13,88
CTPA (suspected PE),M,60,21,201.6,0.011864406779661017,1.186,84
CTPA (suspected PE),M,60,22,211.2,0.012429378531073447,1.243,80
CTPA (suspected PE),M,60,23,220.8,0.012994350282485877,1.299,77
CTPA (suspected PE),M,60,24,230.4,0.013559322033898306,1.356,74
CTPA (suspected PE),M,60,25,240.0,0.014124293785310734,1.412,71
CTPA (suspected PE),M,60,26,249.6,0.014689265536723164,1.469,68
CTPA (suspected PE),M,60,27,259.2,0.015254237288135594,1.525,66
CTPA (suspected PE),M,60,28,268.8,0.015819209039548022,1.582,63
CTPA (suspected PE),M,60,29,278.4,0.01638418079096045,1.638,61
CTPA (suspected PE),M,60,30,288.0,0.01694915254237288,1.695,59
Abdomen/pelvis CT (single-phase),F,20,1,16.0,0.002127659574468085,0.213,470
Abdomen/pelvis CT (single-phase),F,20,2,32.0,0.00425531914893617,0.426,235
Abdomen/pelvis CT (single-phase),F,20,3,48.0,0.006382978723404256,0.638,157
Abdomen/pelvis CT (single-phase),F,20,4,64.0,0.00851063829787234,0.851,118
Abdomen/pelvis CT (single-phase),F,20,5,80.0,0.010638297872340425,1.064,94
Abdomen/pelvis CT (single-phase),F,20,6,96.0,0.012765957446808512,1.277,78
Abdomen/pelvis CT (single-phase),F,20,7,112.0,0.014893617021276596,1.489,67
Abdomen/pelvis CT (single-phase),F,20,8,128.0,0.01702127659574468,1.702,59
Abdomen/pelvis CT (single-phase),F,20,9,144.0,0.019148936170212766,1.915,52
Abdomen/pelvis CT (single-phase),F,20,10,160.0,0.02127659574468085,2.128,47
Abdomen/pelvis CT (single-phase),F,20,11,176.0,0.023404255319148935,2.34,43
Abdomen/pelvis CT (single-phase),F,20,12,192.0,0.025531914893617023,2.553,39
Abdomen/pelvis CT (single-phase),F,20,13,208.0,0.027659574468085108,2.766,36
Abdomen/pelvis CT (single-phase),F,20,14,224.0,0.029787234042553193,2.979,34
Abdomen/pelvis CT (single-phase),F,20,15,240.0,0.031914893617021274,3.191,31
Abdomen/pelvis CT (single-phase),F,20,16,256.0,0.03404255319148936,3.404,29
Abdomen/pelvis CT (single-phase),F,20,17,272.0,0.03617021276595745,3.617,28
Abdomen/pelvis CT (single-phase),F,20,18,288.0,0.03829787234042553,3.83,26
Abdomen/pelvis CT (single-phase),F,20,19,304.0,0.04042553191489362,4.043,25
Abdomen/pelvis CT (single-phase),F,20,20,320.0,0.0425531914893617,4.255,24
Abdomen/pelvis CT (single-phase),F,20,21,336.0,0.04468085106382979,4.468,22
Abdomen/pelvis CT (single-phase),F,20,22,352.0,0.04680851063829787,4.681,21
Abdomen/pelvis CT (single-phase),F,20,23,368.0,0.04893617021276596,4.894,20
Abdomen/pelvis CT (single-phase),F,20,24,384.0,0.05106382978723405,5.106,20
Abdomen/pelvis CT (single-phase),F,20,25,400.0,0.05319148936170213,5.319,19
Abdomen/pelvis CT (single-phase),F,20,26,416.0,0.055319148936170216,5.532,18
Abdomen/pelvis CT (single-phase),F,20,27,432.0,0.0574468085106383,5.745,17
Abdomen/pelvis CT (single-phase),F,20,28,448.0,0.059574468085106386,5.957,17
Abdomen/pelvis CT (single-phase),F,20,29,464.0,0.06170212765957447,6.17,16
Abdomen/pelvis CT (single-phase),F,20,30,480.0,0.06382978723404255,6.383,16
Abdomen/pelvis CT (single-phase),F,40,1,16.0,0.0011494252873563218,0.115,870
Abdomen/pelvis CT (single-phase),F,40,2,32.0,0.0022988505747126436,0.23,435
Abdomen/pelvis CT (single-phase),F,40,3,48.0,0.0034482758620689655,0.345,290
Abdomen/pelvis CT (single-phase),F,40,4,64.0,0.004597701149425287,0.46,218
Abdomen/pelvis CT (single-phase),F,40,5,80.0,0.005747126436781609,0.575,174
Abdomen/pelvis CT (single-phase),F,40,6,96.0,0.006896551724137931,0.69,145
Abdomen/pelvis CT (single-phase),F,40,7,112.0,0.008045977011494253,0.805,124
Abdomen/pelvis CT (single-phase),F,40,8,128.0,0.009195402298850575,0.92,109
Abdomen/pelvis CT (single-phase),F,40,9,144.0,0.010344827586206896,1.034,97
Abdomen/pelvis CT (single-phase),F,40,10,160.0,0.011494252873563218,1.149,87
Abdomen/pelvis CT (single-phase),F,40,11,176.0,0.01264367816091954,1.264,79
Abdomen/pelvis CT (single-phase),F,40,12,192.0,0.013793103448275862,1.379,72
Abdomen/pelvis CT (single-phase),F,40,13,208.0,0.014942528735632184,1.494,67
Abdomen/pelvis CT (single-phase),F,40,14,224.0,0.016091954022988506,1.609,62
Abdomen/pelvis CT (single-phase),F,40,15,240.0,0.017241379310344827,1.724,58
Abdomen/pelvis CT (single-phase),F,40,16,256.0,0.01839080459770115,1.839,54
Abdomen/pelvis CT (single-phase),F,40,17,272.0,0.01954022988505747,1.954,51
Abdomen/pelvis CT (single-phase),F,40,18,288.0,0.020689655172413793,2.069,48
Abdomen/pelvis CT (single-phase),F,40,19,304.0,0.021839080459770115,2.184,46
Abdomen/pelvis CT (single-phase),F,40,20,320.0,0.022988505747126436,2.299,44
Abdomen/pelvis CT (single-phase),F,40,21,336.0,0.02413793103448276,2.414,41
Abdomen/pelvis CT (single-phase),F,40,22,352.0,0.02528735632183908,2.529,40
Abdomen/pelvis CT (single-phase),F,40,23,368.0,0.026436781609195402,2.644,38
Abdomen/pelvis CT (single-phase),F,40,24,384.0,0.027586206896551724,2.759,36
Abdomen/pelvis CT (single-phase),F,40,25,400.0,0.028735632183908046,2.874,35
Abdomen/pelvis CT (single-phase),F,40,26,416.0,0.029885057471264367,2.989,33
Abdomen/pelvis CT (single-phase),F,40,27,432.0,0.03103448275862069,3.103,32
Abdomen/pelvis CT (single-phase),F,40,28,448.0,0.03218390804597701,3.218,31
Abdomen/pelvis CT (single-phase),F,40,29,464.0,0.03333333333333333,3.333,30
Abdomen/pelvis CT (single-phase),F,40,30,480.0,0.034482758620689655,3.448,29
Abdomen/pelvis CT (single-phase),F,60,1,16.0,0.0007575757575757576,0.076,1320
Abdomen/pelvis CT (single-phase),F,60,2,32.0,0.0015151515151515152,0.152,660
Abdomen/pelvis CT (single-phase),F,60,3,48.0,0.0022727272727272726,0.227,440
Abdomen/pelvis CT (single-phase),F,60,4,64.0,0.0030303030303030303,0.303,330
Abdomen/pelvis CT (single-phase),F,60,5,80.0,0.003787878787878788,0.379,264
Abdomen/pelvis CT (single-phase),F,60,6,96.0,0.004545454545454545,0.455,220
Abdomen/pelvis CT (single-phase),F,60,7,112.0,0.005303030303030303,0.53,189
Abdomen/pelvis CT (single-phase),F,60,8,128.0,0.006060606060606061,0.606,165
Abdomen/pelvis CT (single-phase),F,60,9,144.0,0.006818181818181818,0.682,147
Abdomen/pelvis CT (single-phase),F,60,10,160.0,0.007575757575757576,0.758,132
Abdomen/pelvis CT (single-phase),F,60,11,176.0,0.008333333333333333,0.833,120
Abdomen/pelvis CT (single-phase),F,60,12,192.0,0.00909090909090909,0.909,110
Abdomen/pelvis CT (single-phase),F,60,13,208.0,0.009848484848484848,0.985,102
Abdomen/pelvis CT (single-phase),F,60,14,224.0,0.010606060606060607,1.061,94
Abdomen/pelvis CT (single-phase),F,60,15,240.0,0.011363636363636364,1.136,88
Abdomen/pelvis CT (single-phase),F,60,16,256.0,0.012121212121212121,1.212,82
Abdomen/pelvis CT (single-phase),F,60,17,272.0,0.012878787878787878,1.288,78
Abdomen/pelvis CT (single-phase),F,60,18,288.0,0.013636363636363636,1.364,73
Abdomen/pelvis CT (single-phase),F,60,19,304.0,0.014393939393939395,1.439,69
Abdomen/pelvis CT (single-phase),F,60,20,320.0,0.015151515151515152,1.515,66
Abdomen/pelvis CT (single-phase),F,60,21,336.0,0.015909090909090907,1.591,63
Abdomen/pelvis CT (single-phase),F,60,22,352.0,0.016666666666666666,1.667,60
Abdomen/pelvis CT (single-phase),F,60,23,368.0,0.017424242424242425,1.742,57
Abdomen/pelvis CT (single-phase),F,60,24,384.0,0.01818181818181818,1.818,55
Abdomen/pelvis CT (single-phase),F,60,25,400.0,0.01893939393939394,1.894,53
Abdomen/pelvis CT (single-phase),F,60,26,416.0,0.019696969696969695,1.97,51
Abdomen/pelvis CT (single-phase),F,60,27,432.0,0.020454545454545454,2.045,49
Abdomen/pelvis CT (single-phase),F,60,28,448.0,0.021212121212121213,2.121,47
Abdomen/pelvis CT (single-phase),F,60,29,464.0,0.02196969696969697,2.197,46
Abdomen/pelvis CT (single-phase),F,60,30,480.0,0.022727272727272728,2.273,44
Abdomen/pelvis CT (single-phase),M,20,1,16.0,0.0016129032258064516,0.161,620
Abdomen/pelvis CT (single-phase),M,20,2,32.0,0.0032258064516129032,0.323,310
Abdomen/pelvis CT (single-phase),M,20,3,48.0,0.004838709677419355,0.484,207
Abdomen/pelvis CT (single-phase),M,20,4,64.0,0.0064516129032258064,0.645,155
Abdomen/pelvis CT (single-phase),M,20,5,80.0,0.008064516129032258,0.806,124
Abdomen/pelvis CT (single-phase),M,20,6,96.0,0.00967741935483871,0.968,103
Abdomen/pelvis CT (single-phase),M,20,7,112.0,0.01129032258064516,1.129,89
Abdomen/pelvis CT (single-phase),M,20,8,128.0,0.012903225806451613,1.29,78
Abdomen/pelvis CT (single-phase),M,20,9,144.0,0.014516129032258065,1.452,69
Abdomen/pelvis CT (single-phase),M,20,10,160.0,0.016129032258064516,1.613,62
Abdomen/pelvis CT (single-phase),M,20,11,176.0,0.017741935483870968,1.774,56
Abdomen/pelvis CT (single-phase),M,20,12,192.0,0.01935483870967742,1.935,52
Abdomen/pelvis CT (single-phase),M,20,13,208.0,0.020967741935483872,2.097,48
Abdomen/pelvis CT (single-phase),M,20,14,224.0,0.02258064516129032,2.258,44
Abdomen/pelvis CT (single-phase),M,20,15,240.0,0.024193548387096774,2.419,41
Abdomen/pelvis CT (single-phase),M,20,16,256.0,0.025806451612903226,2.581,39
Abdomen/pelvis CT (single-phase),M,20,17,272.0,0.027419354838709678,2.742,36
Abdomen/pelvis CT (single-phase),M,20,18,288.0,0.02903225806451613,2.903,34
Abdomen/pelvis CT (single-phase),M,20,19,304.0,0.03064516129032258,3.065,33
Abdomen/pelvis CT (single-phase),M,20,20,320.0,0.03225806451612903,3.226,31
Abdomen/pelvis CT (single-phase),M,20,21,336.0,0.03387096774193549,3.387,30
Abdomen/pelvis CT (single-phase),M,20,22,352.0,0.035483870967741936,3.548,28
Abdomen/pelvis CT (single-phase),M,20,23,368.0,0.037096774193548385,3.71,27
Abdomen/pelvis CT (single-phase),M,20,24,384.0,0.03870967741935484,3.871,26
Abdomen/pelvis CT (single-phase),M,20,25,400.0,0.04032258064516129,4.032,25
Abdomen/pelvis CT (single-phase),M,20,26,416.0,0.041935483870967745,4.194,24
Abdomen/pelvis CT (single-phase),M,20,27,432.0,0.043548387096774194,4.355,23
Abdomen/pelvis CT (single-phase),M,20,28,448.0,0.04516129032258064,4.516,22
Abdomen/pelvis CT (single-phase),M,20,29,464.0,0.0467741935483871,4.677,21
Abdomen/pelvis CT (single-phase),M,20,30,480.0,0.04838709677419355,4.839,21
Abdomen/pelvis CT (single-phase),M,40,1,16.0,0.0010615711252653928,0.106,942
Abdomen/pelvis CT (single-phase),M,40,2,32.0,0.0021231422505307855,0.212,471
Abdomen/pelvis CT (single-phase),M,40,3,48.0,0.0031847133757961785,0.318,314
Abdomen/pelvis CT (single-phase),M,40,4,64.0,0.004246284501061571,0.425,236
Abdomen/pelvis CT (single-phase),M,40,5,80.0,0.005307855626326964,0.531,188
Abdomen/pelvis CT (single-phase),M,40,6,96.0,0.006369426751592357,0.637,157
Abdomen/pelvis CT (single-phase),M,40,7,112.0,0.0074309978768577496,0.743,135
Abdomen/pelvis CT (single-phase),M,40,8,128.0,0.008492569002123142,0.849,118
Abdomen/pelvis CT (single-phase),M,40,9,144.0,0.009554140127388535,0.955,105
Abdomen/pelvis CT (single-phase),M,40,10,160.0,0.010615711252653927,1.062,94
Abdomen/pelvis CT (single-phase),M,40,11,176.0,0.01167728237791932,1.168,86
Abdomen/pelvis CT (single-phase),M,40,12,192.0,0.012738853503184714,1.274,78
Abdomen/pelvis CT (single-phase),M,40,13,208.0,0.013800424628450107,1.38,72
Abdomen/pelvis CT (single-phase),M,40,14,224.0,0.014861995753715499,1.486,67
Abdomen/pelvis CT (single-phase),M,40,15,240.0,0.01592356687898089,1.592,63
Abdomen/pelvis CT (single-phase),M,40,16,256.0,0.016985138004246284,1.699,59
Abdomen/pelvis CT (single-phase),M,40,17,272.0,0.018046709129511677,1.805,55
Abdomen/pelvis CT (single-phase),M,40,18,288.0,0.01910828025477707,1.911,52
Abdomen/pelvis CT (single-phase),M,40,19,304.0,0.020169851380042462,2.017,50
Abdomen/pelvis CT (single-phase),M,40,20,320.0,0.021231422505307854,2.123,47
Abdomen/pelvis CT (single-phase),M,40,21,336.0,0.022292993630573247,2.229,45
Abdomen/pelvis CT (single-phase),M,40,22,352.0,0.02335456475583864,2.335,43
Abdomen/pelvis CT (single-phase),M,40,23,368.0,0.024416135881104032,2.442,41
Abdomen/pelvis CT (single-phase),M,40,24,384.0,0.025477707006369428,2.548,39
Abdomen/pelvis CT (single-phase),M,40,25,400.0,0.02653927813163482,2.654,38
Abdomen/pelvis CT (single-phase),M,40,26,416.0,0.027600849256900213,2.76,36
Abdomen/pelvis CT (single-phase),M,40,27,432.0,0.028662420382165606,2.866,35
Abdomen/pelvis CT (single-phase),M,40,28,448.0,0.029723991507430998,2.972,34
Abdomen/pelvis CT (single-phase),M,40,29,464.0,0.03078556263269639,3.079,32
Abdomen/pelvis CT (single-phase),M,40,30,480.0,0.03184713375796178,3.185,31
Abdomen/pelvis CT (single-phase),M,60,1,16.0,0.0008,0.08,1250
Abdomen/pelvis CT (single-phase),M,60,2,32.0,0.0016,0.16,625
Abdomen/pelvis CT (single-phase),M,60,3,48.0,0.0024000000000000002,0.24,417
Abdomen/pelvis CT (single-phase),M,60,4,64.0,0.0032,0.32,312
Abdomen/pelvis CT (single-phase),M,60,5,80.0,0.004,0.4,250
Abdomen/pelvis CT (single-phase),M,60,6,96.0,0.0048000000000000004,0.48,208
Abdomen/pelvis CT (single-phase),M,60,7,112.0,0.0056,0.56,179
Abdomen/pelvis CT (single-phase),M,60,8,128.0,0.0064,0.64,156
Abdomen/pelvis CT (single-phase),M,60,9,144.0,0.007200000000000001,0.72,139
Abdomen/pelvis CT (single-phase),M,60,10,160.0,0.008,0.8,125
Abdomen/pelvis CT (single-phase),M,60,11,176.0,0.0088,0.88,114
Abdomen/pelvis CT (single-phase),M,60,12,192.0,0.009600000000000001,0.96,104
Abdomen/pelvis CT (single-phase),M,60,13,208.0,0.010400000000000001,1.04,96
Abdomen/pelvis CT (single-phase),M,60,14,224.0,0.0112,1.12,89
Abdomen/pelvis CT (single-phase),M,60,15,240.0,0.012,1.2,83
Abdomen/pelvis CT (single-phase),M,60,16,256.0,0.0128,1.28,78
Abdomen/pelvis CT (single-phase),M,60,17,272.0,0.013600000000000001,1.36,74
Abdomen/pelvis CT (single-phase),M,60,18,288.0,0.014400000000000001,1.44,69
Abdomen/pelvis CT (single-phase),M,60,19,304.0,0.0152,1.52,66
Abdomen/pelvis CT (single-phase),M,60,20,320.0,0.016,1.6,62
Abdomen/pelvis CT (single-phase),M,60,21,336.0,0.016800000000000002,1.68,60
Abdomen/pelvis CT (single-phase),M,60,22,352.0,0.0176,1.76,57
Abdomen/pelvis CT (single-phase),M,60,23,368.0,0.0184,1.84,54
Abdomen/pelvis CT (single-phase),M,60,24,384.0,0.019200000000000002,1.92,52
Abdomen/pelvis CT (single-phase),M,60,25,400.0,0.02,2.0,50
Abdomen/pelvis CT (single-phase),M,60,26,416.0,0.020800000000000003,2.08,48
Abdomen/pelvis CT (single-phase),M,60,27,432.0,0.0216,2.16,46
Abdomen/pelvis CT (single-phase),M,60,28,448.0,0.0224,2.24,45
Abdomen/pelvis CT (single-phase),M,60,29,464.0,0.023200000000000002,2.32,43
Abdomen/pelvis CT (single-phase),M,60,30,480.0,0.024,2.4,42
Abdomen/pelvis CT (multiphase),F,20,1,31.0,0.004,0.4,250
Abdomen/pelvis CT (multiphase),F,20,2,62.0,0.008,0.8,125
Abdomen/pelvis CT (multiphase),F,20,3,93.0,0.012,1.2,83
Abdomen/pelvis CT (multiphase),F,20,4,124.0,0.016,1.6,62
Abdomen/pelvis CT (multiphase),F,20,5,155.0,0.02,2.0,50
Abdomen/pelvis CT (multiphase),F,20,6,186.0,0.024,2.4,42
Abdomen/pelvis CT (multiphase),F,20,7,217.0,0.028,2.8,36
Abdomen/pelvis CT (multiphase),F,20,8,248.0,0.032,3.2,31
Abdomen/pelvis CT (multiphase),F,20,9,279.0,0.036000000000000004,3.6,28
Abdomen/pelvis CT (multiphase),F,20,10,310.0,0.04,4.0,25
Abdomen/pelvis CT (multiphase),F,20,11,341.0,0.044,4.4,23
Abdomen/pelvis CT (multiphase),F,20,12,372.0,0.048,4.8,21
Abdomen/pelvis CT (multiphase),F,20,13,403.0,0.052000000000000005,5.2,19
Abdomen/pelvis CT (multiphase),F,20,14,434.0,0.056,5.6,18
Abdomen/pelvis CT (multiphase),F,20,15,465.0,0.06,6.0,17
Abdomen/pelvis CT (multiphase),F,20,16,496.0,0.064,6.4,16
Abdomen/pelvis CT (multiphase),F,20,17,527.0,0.068,6.8,15
Abdomen/pelvis CT (multiphase),F,20,18,558.0,0.07200000000000001,7.2,14
Abdomen/pelvis CT (multiphase),F,20,19,589.0,0.076,7.6,13
Abdomen/pelvis CT (multiphase),F,20,20,620.0,0.08,8.0,12
Abdomen/pelvis CT (multiphase),F,20,21,651.0,0.084,8.4,12
Abdomen/pelvis CT (multiphase),F,20,22,682.0,0.088,8.8,11
Abdomen/pelvis CT (multiphase),F,20,23,713.0,0.092,9.2,11
Abdomen/pelvis CT (multiphase),F,20,24,744.0,0.096,9.6,10
Abdomen/pelvis CT (multiphase),F,20,25,775.0,0.1,10.0,10
Abdomen/pelvis CT (multiphase),F,20,26,806.0,0.10400000000000001,10.4,10
Abdomen/pelvis CT (multiphase),F,20,27,837.0,0.108,10.8,9
Abdomen/pelvis CT (multiphase),F,20,28,868.0,0.112,11.2,9
Abdomen/pelvis CT (multiphase),F,20,29,899.0,0.116,11.6,9
Abdomen/pelvis CT (multiphase),F,20,30,930.0,0.12,12.0,8
Abdomen/pelvis CT (multiphase),F,40,1,31.0,0.002173913043478261,0.217,460
Abdomen/pelvis CT (multiphase),F,40,2,62.0,0.004347826086956522,0.435,230
Abdomen/pelvis CT (multiphase),F,40,3,93.0,0.006521739130434783,0.652,153
Abdomen/pelvis CT (multiphase),F,40,4,124.0,0.008695652173913044,0.87,115
Abdomen/pelvis CT (multiphase),F,40,5,155.0,0.010869565217391304,1.087,92
Abdomen/pelvis CT (multiphase),F,40,6,186.0,0.013043478260869566,1.304,77
Abdomen/pelvis CT (multiphase),F,40,7,217.0,0.015217391304347827,1.522,66
Abdomen/pelvis CT (multiphase),F,40,8,248.0,0.017391304347826087,1.739,58
Abdomen/pelvis CT (multiphase),F,40,9,279.0,0.01956521739130435,1.957,51
Abdomen/pelvis CT (multiphase),F,40,10,310.0,0.021739130434782608,2.174,46
Abdomen/pelvis CT (multiphase),F,40,11,341.0,0.02391304347826087,2.391,42
Abdomen/pelvis CT (multiphase),F,40,12,372.0,0.026086956521739132,2.609,38
Abdomen/pelvis CT (multiphase),F,40,13,403.0,0.02826086956521739,2.826,35
Abdomen/pelvis CT (multiphase),F,40,14,434.0,0.030434782608695653,3.043,33
Abdomen/pelvis CT (multiphase),F,40,15,465.0,0.03260869565217391,3.261,31
Abdomen/pelvis CT (multiphase),F,40,16,496.0,0.034782608695652174,3.478,29
Abdomen/pelvis CT (multiphase),F,40,17,527.0,0.03695652173913044,3.696,27
Abdomen/pelvis CT (multiphase),F,40,18,558.0,0.0391304347826087,3.913,26
Abdomen/pelvis CT (multiphase),F,40,19,589.0,0.041304347826086954,4.13,24
Abdomen/pelvis CT (multiphase),F,40,20,620.0,0.043478260869565216,4.348,23
Abdomen/pelvis CT (multiphase),F,40,21,651.0,0.04565217391304348,4.565,22
Abdomen/pelvis CT (multiphase),F,40,22,682.0,0.04782608695652174,4.783,21
Abdomen/pelvis CT (multiphase),F,40,23,713.0,0.05,5.0,20
Abdomen/pelvis CT (multiphase),F,40,24,744.0,0.052173913043478265,5.217,19
Abdomen/pelvis CT (multiphase),F,40,25,775.0,0.05434782608695652,5.435,18
Abdomen/pelvis CT (multiphase),F,40,26,806.0,0.05652173913043478,5.652,18
Abdomen/pelvis CT (multiphase),F,40,27,837.0,0.058695652173913045,5.87,17
Abdomen/pelvis CT (multiphase),F,40,28,868.0,0.06086956521739131,6.087,16
Abdomen/pelvis CT (multiphase),F,40,29,899.0,0.06304347826086956,6.304,16
Abdomen/pelvis CT (multiphase),F,40,30,930.0,0.06521739130434782,6.522,15
Abdomen/pelvis CT (multiphase),F,60,1,31.0,0.0014285714285714286,0.143,700
Abdomen/pelvis CT (multiphase),F,60,2,62.0,0.002857142857142857,0.286,350
Abdomen/pelvis CT (multiphase),F,60,3,93.0,0.004285714285714286,0.429,233
Abdomen/pelvis CT (multiphase),F,60,4,124.0,0.005714285714285714,0.571,175
Abdomen/pelvis CT (multiphase),F,60,5,155.0,0.007142857142857143,0.714,140
Abdomen/pelvis CT (multiphase),F,60,6,186.0,0.008571428571428572,0.857,117
Abdomen/pelvis CT (multiphase),F,60,7,217.0,0.01,1.0,100
Abdomen/pelvis CT (multiphase),F,60,8,248.0,0.011428571428571429,1.143,88
Abdomen/pelvis CT (multiphase),F,60,9,279.0,0.012857142857142857,1.286,78
Abdomen/pelvis CT (multiphase),F,60,10,310.0,0.014285714285714285,1.429,70
Abdomen/pelvis CT (multiphase),F,60,11,341.0,0.015714285714285715,1.571,64
Abdomen/pelvis CT (multiphase),F,60,12,372.0,0.017142857142857144,1.714,58
Abdomen/pelvis CT (multiphase),F,60,13,403.0,0.018571428571428572,1.857,54
Abdomen/pelvis CT (multiphase),F,60,14,434.0,0.02,2.0,50
Abdomen/pelvis CT (multiphase),F,60,15,465.0,0.02142857142857143,2.143,47
Abdomen/pelvis CT (multiphase),F,60,16,496.0,0.022857142857142857,2.286,44
Abdomen/pelvis CT (multiphase),F,60,17,527.0,0.024285714285714285,2.429,41
Abdomen/pelvis CT (multiphase),F,60,18,558.0,0.025714285714285714,2.571,39
Abdomen/pelvis CT (multiphase),F,60,19,589.0,0.027142857142857142,2.714,37
Abdomen/pelvis CT (multiphase),F,60,20,620.0,0.02857142857142857,2.857,35
Abdomen/pelvis CT (multiphase),F,60,21,651.0,0.03,3.0,33
Abdomen/pelvis CT (multiphase),F,60,22,682.0,0.03142857142857143,3.143,32
Abdomen/pelvis CT (multiphase),F,60,23,713.0,0.032857142857142856,3.286,30
Abdomen/pelvis CT (multiphase),F,60,24,744.0,0.03428571428571429,3.429,29
Abdomen/pelvis CT (multiphase),F,60,25,775.0,0.03571428571428571,3.571,28
Abdomen/pelvis CT (multiphase),F,60,26,806.0,0.037142857142857144,3.714,27
Abdomen/pelvis CT (multiphase),F,60,27,837.0,0.03857142857142857,3.857,26
Abdomen/pelvis CT (multiphase),F,60,28,868.0,0.04,4.0,25
Abdomen/pelvis CT (multiphase),F,60,29,899.0,0.041428571428571426,4.143,24
Abdomen/pelvis CT (multiphase),F,60,30,930.0,0.04285714285714286,4.286,23
Abdomen/pelvis CT (multiphase),M,20,1,31.0,0.0030303030303030303,0.303,330
Abdomen/pelvis CT (multiphase),M,20,2,62.0,0.006060606060606061,0.606,165
Abdomen/pelvis CT (multiphase),M,20,3,93.0,0.00909090909090909,0.909,110
Abdomen/pelvis CT (multiphase),M,20,4,124.0,0.012121212121212121,1.212,82
Abdomen/pelvis CT (multiphase),M,20,5,155.0,0.015151515151515152,1.515,66
Abdomen/pelvis CT (multiphase),M,20,6,186.0,0.01818181818181818,1.818,55
Abdomen/pelvis CT (multiphase),M,20,7,217.0,0.021212121212121213,2.121,47
Abdomen/pelvis CT (multiphase),M,20,8,248.0,0.024242424242424242,2.424,41
Abdomen/pelvis CT (multiphase),M,20,9,279.0,0.02727272727272727,2.727,37
Abdomen/pelvis CT (multiphase),M,20,10,310.0,0.030303030303030304,3.03,33
Abdomen/pelvis CT (multiphase),M,20,11,341.0,0.03333333333333333,3.333,30
Abdomen/pelvis CT (multiphase),M,20,12,372.0,0.03636363636363636,3.636,28
Abdomen/pelvis CT (multiphase),M,20,13,403.0,0.03939393939393939,3.939,25
Abdomen/pelvis CT (multiphase),M,20,14,434.0,0.04242424242424243,4.242,24
Abdomen/pelvis CT (multiphase),M,20,15,465.0,0.045454545454545456,4.545,22
Abdomen/pelvis CT (multiphase),M,20,16,496.0,0.048484848484848485,4.848,21
Abdomen/pelvis CT (multiphase),M,20,17,527.0,0.051515151515151514,5.152,19
Abdomen/pelvis CT (multiphase),M,20,18,558.0,0.05454545454545454,5.455,18
Abdomen/pelvis CT (multiphase),M,20,19,589.0,0.05757575757575758,5.758,17
Abdomen/pelvis CT (multiphase),M,20,20,620.0,0.06060606060606061,6.061,16
Abdomen/pelvis CT (multiphase),M,20,21,651.0,0.06363636363636363,6.364,16
Abdomen/pelvis CT (multiphase),M,20,22,682.0,0.06666666666666667,6.667,15
Abdomen/pelvis CT (multiphase),M,20,23,713.0,0.0696969696969697,6.97,14
Abdomen/pelvis CT (multiphase),M,20,24,744.0,0.07272727272727272,7.273,14
Abdomen/pelvis CT (multiphase),M,20,25,775.0,0.07575757575757576,7.576,13
Abdomen/pelvis CT (multiphase),M,20,26,806.0,0.07878787878787878,7.879,13
Abdomen/pelvis CT (multiphase),M,20,27,837.0,0.08181818181818182,8.182,12
Abdomen/pelvis CT (multiphase),M,20,28,868.0,0.08484848484848485,8.485,12
Abdomen/pelvis CT (multiphase),M,20,29,899.0,0.08787878787878788,8.788,11
Abdomen/pelvis CT (multiphase),M,20,30,930.0,0.09090909090909091,9.091,11
Abdomen/pelvis CT (multiphase),M,40,1,31.0,0.002008032128514056,0.201,498
Abdomen/pelvis CT (multiphase),M,40,2,62.0,0.004016064257028112,0.402,249
Abdomen/pelvis CT (multiphase),M,40,3,93.0,0.006024096385542168,0.602,166
Abdomen/pelvis CT (multiphase),M,40,4,124.0,0.008032128514056224,0.803,124
Abdomen/pelvis CT (multiphase),M,40,5,155.0,0.010040160642570281,1.004,100
Abdomen/pelvis CT (multiphase),M,40,6,186.0,0.012048192771084336,1.205,83
Abdomen/pelvis CT (multiphase),M,40,7,217.0,0.014056224899598391,1.406,71
Abdomen/pelvis CT (multiphase),M,40,8,248.0,0.01606425702811245,1.606,62
Abdomen/pelvis CT (multiphase),M,40,9,279.0,0.018072289156626505,1.807,55
Abdomen/pelvis CT (multiphase),M,40,10,310.0,0.020080321285140562,2.008,50
Abdomen/pelvis CT (multiphase),M,40,11,341.0,0.022088353413654616,2.209,45
Abdomen/pelvis CT (multiphase),M,40,12,372.0,0.024096385542168672,2.41,42
Abdomen/pelvis CT (multiphase),M,40,13,403.0,0.02610441767068273,2.61,38
Abdomen/pelvis CT (multiphase),M,40,14,434.0,0.028112449799196783,2.811,36
Abdomen/pelvis CT (multiphase),M,40,15,465.0,0.03012048192771084,3.012,33
Abdomen/pelvis CT (multiphase),M,40,16,496.0,0.0321285140562249,3.213,31
Abdomen/pelvis CT (multiphase),M,40,17,527.0,0.03413654618473895,3.414,29
Abdomen/pelvis CT (multiphase),M,40,18,558.0,0.03614457831325301,3.614,28
Abdomen/pelvis CT (multiphase),M,40,19,589.0,0.038152610441767064,3.815,26
Abdomen/pelvis CT (multiphase),M,40,20,620.0,0.040160642570281124,4.016,25
Abdomen/pelvis CT (multiphase),M,40,21,651.0,0.04216867469879518,4.217,24
Abdomen/pelvis CT (multiphase),M,40,22,682.0,0.04417670682730923,4.418,23
Abdomen/pelvis CT (multiphase),M,40,23,713.0,0.04618473895582329,4.618,22
Abdomen/pelvis CT (multiphase),M,40,24,744.0,0.048192771084337345,4.819,21
Abdomen/pelvis CT (multiphase),M,40,25,775.0,0.0502008032128514,5.02,20
Abdomen/pelvis CT (multiphase),M,40,26,806.0,0.05220883534136546,5.221,19
Abdomen/pelvis CT (multiphase),M,40,27,837.0,0.05421686746987951,5.422,18
Abdomen/pelvis CT (multiphase),M,40,28,868.0,0.056224899598393566,5.622,18
Abdomen/pelvis CT (multiphase),M,40,29,899.0,0.058232931726907626,5.823,17
Abdomen/pelvis CT (multiphase),M,40,30,930.0,0.06024096385542168,6.024,17
Abdomen/pelvis CT (multiphase),M,60,1,31.0,0.0015151515151515152,0.152,660
Abdomen/pelvis CT (multiphase),M,60,2,62.0,0.0030303030303030303,0.303,330
Abdomen/pelvis CT (multiphase),M,60,3,93.0,0.004545454545454545,0.455,220
Abdomen/pelvis CT (multiphase),M,60,4,124.0,0.006060606060606061,0.606,165
Abdomen/pelvis CT (multiphase),M,60,5,155.0,0.007575757575757576,0.758,132
Abdomen/pelvis CT (multiphase),M,60,6,186.0,0.00909090909090909,0.909,110
Abdomen/pelvis CT (multiphase),M,60,7,217.0,0.010606060606060607,1.061,94
Abdomen/pelvis CT (multiphase),M,60,8,248.0,0.012121212121212121,1.212,82
Abdomen/pelvis CT (multiphase),M,60,9,279.0,0.013636363636363636,1.364,73
Abdomen/pelvis CT (multiphase),M,60,10,310.0,0.015151515151515152,1.515,66
Abdomen/pelvis CT (multiphase),M,60,11,341.0,0.016666666666666666,1.667,60
Abdomen/pelvis CT (multiphase),M,60,12,372.0,0.01818181818181818,1.818,55
Abdomen/pelvis CT (multiphase),M,60,13,403.0,0.019696969696969695,1.97,51
Abdomen/pelvis CT (multiphase),M,60,14,434.0,0.021212121212121213,2.121,47
Abdomen/pelvis CT (multiphase),M,60,15,465.0,0.022727272727272728,2.273,44
Abdomen/pelvis CT (multiphase),M,60,16,496.0,0.024242424242424242,2.424,41
Abdomen/pelvis CT (multiphase),M,60,17,527.0,0.025757575757575757,2.576,39
Abdomen/pelvis CT (multiphase),M,60,18,558.0,0.02727272727272727,2.727,37
Abdomen/pelvis CT (multiphase),M,60,19,589.0,0.02878787878787879,2.879,35
Abdomen/pelvis CT (multiphase),M,60,20,620.0,0.030303030303030304,3.03,33
Abdomen/pelvis CT (multiphase),M,60,21,651.0,0.031818181818181815,3.182,31
Abdomen/pelvis CT (multiphase),M,60,22,682.0,0.03333333333333333,3.333,30
Abdomen/pelvis CT (multiphase),M,60,23,713.0,0.03484848484848485,3.485,29
Abdomen/pelvis CT (multiphase),M,60,24,744.0,0.03636363636363636,3.636,28
Abdomen/pelvis CT (multiphase),M,60,25,775.0,0.03787878787878788,3.788,26
Abdomen/pelvis CT (multiphase),M,60,26,806.0,0.03939393939393939,3.939,25
Abdomen/pelvis CT (multiphase),M,60,27,837.0,0.04090909090909091,4.091,24
Abdomen/pelvis CT (multiphase),M,60,28,868.0,0.04242424242424243,4.242,24
Abdomen/pelvis CT (multiphase),M,60,29,899.0,0.04393939393939394,4.394,23
Abdomen/pelvis CT (multiphase),M,60,30,930.0,0.045454545454545456,4.545,22
